{"Brand": 0.21772815173237872, "Model": 0.24887258948674743, "Region": -0.13301497745855242, "Year": 0.5805996431660774, "Engine": 0.2279409925484006, "EngineVolume": 0.3883321778794753, "Power": 0.6023091404722043, "Transmission": -0.20481531255015586, "Drive": -0.3275777725582322, "Body": -0.10502855693487474, "Color": -0.038672347056663954, "Mileage": -0.5067010059026822, "Wheel": -0.22241775743238737, "Generation": 0.027018471575493794, "Complectation": 0.191544544496761, "IsSold": -0.15242287502492427}