{"Brand": -0.0038828059625590893, "Model": -0.018191006810853155, "Region": -0.10955705229428453, "Year": 0.5071678816870848, "Engine": 0.16280548317851032, "EngineVolume": 0.31206263976872, "Power": 0.4496557911417542, "Transmission": -0.042174815089810976, "Drive": -0.24076616193151557, "Body": -0.1104894158675666, "Color": -0.03896475211229238, "Mileage": -0.4038442731889376, "Wheel": -0.1759110667536491, "Generation": 0.05660779234980443, "Complectation": 0.03611070263163185, "IsSold": -0.11288906756536968}