{"Brand": -0.03771866539526034, "Model": -0.02297583854310298, "Region": -0.11635598005760846, "Year": 0.4612406365018438, "Engine": 0.0723076886994899, "EngineVolume": 0.324239637052131, "Power": 0.42343638392506366, "Transmission": -0.05640966553803001, "Drive": -0.20144843939734416, "Body": -0.0554097018403085, "Color": -0.009562480462553945, "Mileage": -0.3647627336184273, "Wheel": -0.1314804301881022, "Generation": 0.07086125704251514, "Complectation": -0.006499434442233279, "IsSold": -0.08945205220618116}