{"MAE": 462680.3596494255, "Accuracy": 0.03571305337980056}