{"MAE": 634396.0843153822, "Accuracy": 0.018010406012362697}