{"MAE": 528600.2237808076, "Accuracy": 0.0264813843733613}