{"IMPORTANCE_VALUE": 0, "Brand": 4557.054386166982, "Model": -141.0420213816554, "Region": -83.51616894331018, "Year": 643155.2930974629, "Engine": 579820.6075429117, "EngineVolume": 80165.98020214993, "Power": 610684.0136493975, "Transmission": -18688.625023432203, "Drive": -162081.85823299136, "Body": 11382.232659045856, "Color": 12540.20815988536, "Mileage": -208658.56946219964, "Wheel": 126847.92936112122, "Generation": 2749.755713021138, "Complectation": -6.305360029563133, "IsSold": 7855.319961828887}