{"MAE": 504759.76788523485, "Accuracy": 0.02893475166679152}